                  epoch,         train/box_loss,         train/cls_loss,         train/dfl_loss,   metrics/precision(B),      metrics/recall(B),       metrics/mAP50(B),    metrics/mAP50-95(B),           val/box_loss,           val/cls_loss,           val/dfl_loss,                 lr/pg0,                 lr/pg1,                 lr/pg2
                      1,                  1.053,                 4.3031,                 1.0928,                0.02807,                0.30794,                 0.0605,                0.04794,                0.76625,                 3.9764,                0.93334,               6.25e-06,               6.25e-06,               6.25e-06
                      2,                 0.8628,                 4.0674,                 1.0358,                 0.0463,                0.35156,                0.10539,                0.08608,                0.74483,                 3.6103,                0.92887,             1.5038e-05,             1.5038e-05,             1.5038e-05
                      3,                0.93083,                 3.8089,                 1.1287,                 0.4515,                 0.1324,                0.20251,                0.17374,                0.72268,                 3.0168,                0.92281,             1.8875e-05,             1.8875e-05,             1.8875e-05
                      4,                0.77752,                 3.2714,                 1.0842,                0.66659,                0.17088,                0.24317,                 0.2114,                 0.7164,                 2.4278,                0.92042,             1.7763e-05,             1.7763e-05,             1.7763e-05
                      5,                 0.9032,                 3.0922,                 1.0407,                0.84309,                0.17808,                0.26347,                0.22948,                0.70114,                 2.1088,                0.91769,               1.17e-05,               1.17e-05,               1.17e-05
